"Male"	"GTR"	"M2P"	"DN_MBEN"	"CLA"	"LCA"	"P53.IHC"	"MYCamp"	"MYCNamp"	"iso17q"	"Gain.1q"	"Loss.3"	"Loss.4q"	"Gain.5"	"Gain.7"	"Loss.8"	"Loss.10"	"Loss.10q"	"Loss.11"	"Loss.11q"	"Loss.13q"	"Loss.15q"	"Loss.16"	"Loss.16q"	"Loss.17p"	"Gain.17q"	"Gain.18"	"Loss.20"
"Male"	NA	0.4006452	1	NA	0.9509198	0.9509198	1	0.7360338	0.5328526	1	1	0.9087755	1	0.6800059	0.6623229	1	0.8497851	0.5031535	0.1757606	0.9877436	0.7628487	0.7347323	0.4826218	0.2616061	1	1	0.985928	1
"GTR"	0.4006452	NA	0.7511204	NA	0.7360338	0.7360338	1	1	1	1	1	0.9075495	1	0.909617	1	1	0.5541394	1	0.9524443	0.5921757	0.3214459	0.909617	0.909617	0.7981414	0.924033	0.9524443	1	1
"M2P"	1	0.7511204	NA	NA	0.4250527	0.4250527	0.6802373	0.2299051	0.6666667	0.1257368	1	0.909617	0.6800059	1	1	0.576682	0.1794639	0.1485027	0.6800059	0.6800059	0.2057524	0.5254917	0.4006452	0.1389926	0.2743698	0.1851873	0.9877436	0.9067989
"DN_MBEN"	NA	NA	NA	NA	NA	NA	NA	NA	NA	NA	NA	NA	NA	NA	NA	NA	NA	NA	NA	NA	NA	NA	NA	NA	NA	NA	NA	NA
"CLA"	0.9509198	0.7360338	0.4250527	NA	NA	NA	0.2572217	0.0007245232	1	0.2536612	0.3188379	0.4006452	0.4006452	0.9087755	0.2078222	0.1851873	0.02993946	0.3230166	0.08398909	0.05107654	0.4911923	0.2684041	0.7360338	0.4365814	0.2536612	0.3230166	0.2078222	1
"LCA"	0.9509198	0.7360338	0.4250527	NA	NA	NA	0.2572217	0.0007245232	1	0.2536612	0.3188379	0.4006452	0.4006452	0.9087755	0.2078222	0.1851873	0.02993946	0.3230166	0.08398909	0.05107654	0.4911923	0.2684041	0.7360338	0.4365814	0.2536612	0.3230166	0.2078222	1
"P53.IHC"	1	1	0.6802373	NA	0.2572217	0.2572217	NA	0.9087755	1	1	1	1	1	0.8511069	0.909617	0.872687	1	1	0.909617	0.4965881	0.872687	1	1	0.6800059	1	0.7209798	0.909617	1
"MYCamp"	0.7360338	1	0.2299051	NA	0.0007245232	0.0007245232	0.9087755	NA	1	0.005545965	0.2683435	0.576682	0.5779752	1	0.05008932	0.2743698	0.08443282	0.4211594	0.05107654	0.0101264	0.2684041	0.4006452	0.1493772	0.04691511	0.005545965	0.005625617	0.2461543	0.8511069
"MYCNamp"	0.5328526	1	0.6666667	NA	1	1	1	1	NA	0.4574011	1	1	1	1	1	1	1	1	0.5933118	0.7224714	1	1	1	1	0.4574011	0.6645401	1	1
"iso17q"	1	1	0.1257368	NA	0.2536612	0.2536612	1	0.005545965	0.4574011	NA	0.9087755	0.4006452	0.4006452	0.9087755	0.4419769	0.4911923	0.02070577	0.1493772	0.2078222	0.05256047	0.1318508	0.6802373	0.2684041	0.0506928	2.066212e-09	2.341869e-06	0.4457056	0.5731787
"Gain.1q"	1	1	1	NA	0.3188379	0.3188379	1	0.2683435	1	0.9087755	NA	1	1	0.1546214	0.6712232	0.5731787	0.2536612	0.08443282	0.2536612	0.08443282	0.5731787	0.8532107	0.8532107	0.4574011	0.9087755	0.2740371	0.6712232	1
"Loss.3"	0.9087755	0.9075495	0.909617	NA	0.4006452	0.4006452	1	0.576682	1	0.4006452	1	NA	0.4006452	1	0.4556774	0.3165683	0.1447819	0.1719898	0.2536612	0.1719898	0.364887	0.2381144	1	0.909617	0.4006452	0.909617	0.4556774	0.722512
"Loss.4q"	1	1	0.6800059	NA	0.4006452	0.4006452	1	0.5779752	1	0.4006452	1	0.4006452	NA	0.8532107	0.909617	1	0.4106598	0.4556774	0.4528828	0.4556774	1	1	0.5472418	1	0.4006452	0.1493772	0.909617	1
"Gain.5"	0.6800059	0.909617	1	NA	0.9087755	0.9087755	0.8511069	1	1	0.9087755	0.1546214	1	0.8532107	NA	0.3194364	1	1	0.4965881	1	0.9241983	0.9087755	0.8670712	0.8670712	0.909617	0.9087755	1	0.2955442	0.2986401
"Gain.7"	0.6623229	1	1	NA	0.2078222	0.2078222	0.909617	0.05008932	1	0.4419769	0.6712232	0.4556774	0.909617	0.3194364	NA	0.007312805	0.3881363	0.8670712	0.08443282	0.02070577	0.01976294	0.7360338	0.03677382	0.2804797	0.1520216	0.5323868	0.006152517	0.1931286
"Loss.8"	1	1	0.576682	NA	0.1851873	0.1851873	0.872687	0.2743698	1	0.4911923	0.5731787	0.3165683	1	1	0.007312805	NA	0.1624501	0.1851873	0.1061828	0.06352557	0.02070577	0.6518432	0.1061828	0.4006452	0.4911923	1	0.1061828	0.4574011
"Loss.10"	0.8497851	0.5541394	0.1794639	NA	0.02993946	0.02993946	1	0.08443282	1	0.02070577	0.2536612	0.1447819	0.4106598	1	0.3881363	0.1624501	NA	8.662282e-08	0.005312365	0.007180964	0.0287295	0.01658977	0.01658977	0.1278916	0.02070577	0.08443282	0.07316276	0.1485027
"Loss.10q"	0.5031535	1	0.1485027	NA	0.3230166	0.3230166	1	0.4211594	1	0.1493772	0.08443282	0.1719898	0.4556774	0.4965881	0.8670712	0.1851873	8.662282e-08	NA	0.03677382	0.05107654	0.1309111	0.1493772	0.1493772	0.110475	0.1493772	0.1278916	0.6802373	0.4006452
"Loss.11"	0.1757606	0.9524443	0.6800059	NA	0.08398909	0.08398909	0.909617	0.05107654	0.5933118	0.2078222	0.2536612	0.2536612	0.4528828	1	0.08443282	0.1061828	0.005312365	0.03677382	NA	5.180102e-09	0.05869779	0.1278916	0.0287295	0.4006452	0.2078222	0.09798024	0.2684041	0.1757606
"Loss.11q"	0.9877436	0.5921757	0.6800059	NA	0.05107654	0.05107654	0.4965881	0.0101264	0.7224714	0.05256047	0.08443282	0.1719898	0.4556774	0.9241983	0.02070577	0.06352557	0.007180964	0.05107654	5.180102e-09	NA	0.006152517	0.1493772	0.00548529	0.2148536	0.05256047	0.05107654	0.4006452	0.1061828
"Loss.13q"	0.7628487	0.3214459	0.2057524	NA	0.4911923	0.4911923	0.872687	0.2684041	1	0.1318508	0.5731787	0.364887	1	0.9087755	0.01976294	0.02070577	0.0287295	0.1309111	0.05869779	0.006152517	NA	0.1278916	0.03683682	0.1257368	0.1318508	0.4365814	0.1757606	0.1931286
"Loss.15q"	0.7347323	0.909617	0.5254917	NA	0.2684041	0.2684041	1	0.4006452	1	0.6802373	0.8532107	0.2381144	1	0.8670712	0.7360338	0.6518432	0.01658977	0.1493772	0.1278916	0.1493772	0.1278916	NA	0.4006452	1	0.2684041	0.9351587	0.1278916	0.1278916
"Loss.16"	0.4826218	0.909617	0.4006452	NA	0.7360338	0.7360338	1	0.1493772	1	0.2684041	0.8532107	1	0.5472418	0.8670712	0.03677382	0.1061828	0.01658977	0.1493772	0.0287295	0.00548529	0.03683682	0.4006452	NA	0.0007245232	0.2684041	0.5276739	0.1278916	0.1278916
"Loss.16q"	0.2616061	0.7981414	0.1389926	NA	0.4365814	0.4365814	0.6800059	0.04691511	1	0.0506928	0.4574011	0.909617	1	0.909617	0.2804797	0.4006452	0.1278916	0.110475	0.4006452	0.2148536	0.1257368	1	0.0007245232	NA	0.1485027	0.1145025	0.6800059	0.2087352
"Loss.17p"	1	0.924033	0.2743698	NA	0.2536612	0.2536612	1	0.005545965	0.4574011	2.066212e-09	0.9087755	0.4006452	0.4006452	0.9087755	0.1520216	0.4911923	0.02070577	0.1493772	0.2078222	0.05256047	0.1318508	0.2684041	0.2684041	0.1485027	NA	9.89546e-05	0.2078222	0.5731787
"Gain.17q"	1	0.9524443	0.1851873	NA	0.3230166	0.3230166	0.7209798	0.005625617	0.6645401	2.341869e-06	0.2740371	0.909617	0.1493772	1	0.5323868	1	0.08443282	0.1278916	0.09798024	0.05107654	0.4365814	0.9351587	0.5276739	0.1145025	9.89546e-05	NA	0.9877436	0.9067989
"Gain.18"	0.985928	1	0.9877436	NA	0.2078222	0.2078222	0.909617	0.2461543	1	0.4457056	0.6712232	0.4556774	0.909617	0.2955442	0.006152517	0.1061828	0.07316276	0.6802373	0.2684041	0.4006452	0.1757606	0.1278916	0.1278916	0.6800059	0.2078222	0.9877436	NA	0.1757606
"Loss.20"	1	1	0.9067989	NA	1	1	1	0.8511069	1	0.5731787	1	0.722512	1	0.2986401	0.1931286	0.4574011	0.1485027	0.4006452	0.1757606	0.1061828	0.1931286	0.1278916	0.1278916	0.2087352	0.5731787	0.9067989	0.1757606	NA
